,this_ID,this_Tmag,this_Teff,this_mass,this_rad,this_peak_epoch,this_peak_period,this_peak_dur,this_peak_depth,this_peak_SDE,dBIC,chi2
0,144193330.0,8.85410022735596,8450.0,2.09999990463257,2.04830002784729,1330.1818318674489,9.269122390715951,0.25,0.0002307393409293,11.306050443873715,70.64596340537571,1.2949918572452928
1,61851084.0,7.05149984359741,7583.0,1.75999999046326,2.09035992622375,1658.5744244271389,6.949732085148969,0.2,0.0002712649053531,12.515259113320903,217.22286253295647,1.608275971906553
2,254158364.0,9.14430046081543,7731.0,1.82000005245209,2.44548010826111,1662.0145981857336,8.77168821599621,0.3,0.0005134382404385,15.489027395425383,185.6837708087803,0.9873191005282091
3,265663360.0,7.86059999465942,8680.0,2.17000007629395,1.66551995277405,1658.5824317134195,0.5856607725177105,0.05,0.000259212426687,16.733622478710505,53.287631958109046,1.8378589371659368
4,176109599.0,9.12829971313477,8265.0,2.02999997138977,1.55560004711151,1630.3261665920818,0.7823723488069876,0.05,0.001404970203309,31.81094821664924,465.35824129470143,1.0491685337438743
5,100588438.0,9.8528003692627,7849.0,1.87000000476837,2.12444996833801,1632.036278291581,2.567104790265441,0.15,0.0011120501299597,21.4420794713039,144.96974811824907,1.201249585938967
6,376131915.0,9.89500045776367,7771.419921875,1.8400000333786,2.17408990859985,1627.3321231948426,0.9513910427540382,0.1,0.0004770154626495,18.347563779744185,110.64416113414164,1.0696072560538563
7,301152169.0,9.0004997253418,7797.0,1.85000002384186,1.5932799577713,1630.7981224625605,3.105240767250561,0.1,0.0006798644553284,31.256625523335224,98.53540290190016,1.3884054888549942
8,420774265.0,9.77420043945313,8703.0,2.1800000667572,2.32082009315491,1627.1023153782294,2.661749478957329,0.15,0.0005456256321521,16.291468645914264,118.376931726983,1.3277930206048787
9,246123223.0,8.88259983062744,8023.0,1.94000005722046,2.46625995635986,1631.326037626797,2.064440076963096,0.15,0.0005115965726182,27.686044883104334,472.67282741773465,0.9992798359872098
10,447299730.0,8.49380016326904,8710.0,2.1800000667572,1.78845000267029,1629.4069515468268,7.010831843516668,0.1,0.0012280580332041,17.526801330927714,1421.529875188677,1.068976259168046
11,221200664.0,9.00500011444092,7655.0,1.78999996185303,1.61941003799438,1627.612231811269,0.9596133103535636,0.1,0.0008857950712074,33.19390708593512,165.5729873183725,0.7969421500976651
12,350575997.0,9.76879978179932,8127.0,1.98000001907349,1.75075995922089,1628.3567985385746,2.013421602619085,0.05,0.0008372326921168,39.82574899741393,119.95029748042488,0.8262600965968799
13,315222615.0,8.62979984283447,7853.0,1.87000000476837,2.19741988182068,1630.56594554864,7.159610799664926,0.1,0.0005873479521128,12.6924484705221,61.22000518444952,1.0045621302781225
14,215218279.0,6.49770021438599,8253.0,2.02999997138977,1.92865002155304,1631.7210463294743,7.010831843516668,0.2,0.0002030244485627,12.57040613117253,148.9047808135549,1.468969596798866
15,422823594.0,8.80500030517578,8516.0,2.11999988555908,2.10250997543335,1626.4363373086871,0.9957421639286804,0.1,0.0003617638461812,12.14948939747396,110.44604352331862,0.9945185533321782
16,254788512.0,9.85079956054688,8244.0,2.01999998092651,1.92542004585266,1630.2810709151254,3.477875275189633,0.1,0.0008280539181476,14.956117033366793,137.440152853492,1.817302943999501
17,255375615.0,7.54220008850098,8864.0,2.23000001907349,2.31574988365173,1630.1961380854996,0.5488970626577752,0.1,0.0001469936828516,25.261166804299524,348.4915177409148,0.8671478265015524
18,136274063.0,9.98060035705566,7710.0,1.80999994277954,2.28467988967896,1625.68655354447,0.5971294505995837,0.05,0.0007588428212404,26.51207342994822,217.02680808629,0.9878579492608068
19,262922645.0,6.84119987487793,8253.0,2.02999997138977,2.43741011619568,1369.1333912525868,0.8158701382832126,0.15,4.5834407140786094e-05,18.3272565884373,64.63833944544945,1.873024201157712
20,149639802.0,9.58950042724609,8947.0,2.25999999046326,2.14623999595642,1630.1969850815256,0.8803666587726333,0.05,0.0002536498180713,22.015698316062085,72.48871885633321,1.3566800171965598
21,143705205.0,9.12290000915527,8382.0,2.0699999332428,2.15429997444153,1600.682457931545,1.3869583006816968,0.1,0.0003895835355533,16.195203781417362,135.60922319581687,1.40279993074104
22,259230140.0,9.6569995880127,7596.0,1.76999998092651,1.61326003074646,1631.3680279049129,7.158636981888467,0.15,0.0007378618301768,30.602944677350887,142.72800471034327,0.9538153888680472
23,261693614.0,9.89130020141602,8701.0,2.1800000667572,2.06780004501343,1625.3281255407849,0.6928593204367829,0.05,0.0002423661798063,19.606234229159003,64.92231895732323,1.0001928041777386
24,308830797.0,9.80519962310791,8091.0,1.97000002861023,1.93324995040894,1604.1838438290886,7.283460552383172,0.2,0.0007504836459709,18.3273174796162,656.6537610390856,1.490755537637125
25,415933085.0,8.65520000457764,7736.0,1.82000005245209,2.17840003967285,1599.6684083213731,0.8403340865603186,0.1,0.0011149108961419,12.987175893018266,106.02006674524591,0.7464815568296048
26,160086759.0,9.27649974822998,7757.0,1.83000004291534,2.46559000015259,1600.667717402578,0.799194723343992,0.1,0.0006334086352065,20.210300498522404,455.57890495861966,0.8205774175092179
27,454655012.0,8.50240039825439,7974.0,1.91999995708466,2.4096200466156,1625.4283478842449,7.144061439542775,0.25,0.0002035495548267,10.020215965248289,51.49826609800766,1.851816104621074
28,35905913.0,8.49680042266846,7507.0,1.73000001907349,1.74936997890472,1600.1534680316563,1.418546259256107,0.1,0.0006136522416194,29.389354159768533,331.8782230993197,0.9519518208585992
29,126909342.0,8.69719982147217,7807.0,1.85000002384186,2.13538002967834,1599.244038812904,7.688859500065356,0.15,0.0003413160392618,13.2802927673122,171.21196129576492,1.2911874533220264
30,259226908.0,9.10359954833984,8646.0,2.16000008583069,1.78975999355316,1627.2529645089517,2.543164287512684,0.15,0.0006174548632008,36.91726440766369,678.7260546477191,0.726067006205463
31,411906862.0,9.31089973449707,8238.0,2.01999998092651,1.98536002635956,1625.9419456554206,1.4783544567658309,0.1,0.0008283144739355,11.018882947222323,127.69967312351925,1.4707022896782502
32,418792366.0,8.60330009460449,7822.0,1.86000001430511,1.56386005878448,1631.8611204048686,7.218528704766441,0.15,0.0001766675558841,13.625052896533928,82.10369747510299,1.099274782480444
33,448580024.0,9.32199954986572,8459.0,2.09999990463257,1.71670997142792,1604.7699080273824,8.470973917610484,0.1,0.0007887018722862,16.947674413956793,333.7157809933961,1.4775112936693822
34,208570502.0,8.25930023193359,7524.0,1.74000000953674,1.76113998889923,1602.0235152037208,6.199835082737627,0.2,0.0001958013898214,10.490230157818912,107.70647313798122,1.330756599374567
35,111948529.0,8.37530040740967,7682.0,1.79999995231628,2.40570998191834,1606.1762530610376,7.622049284663522,0.2,0.0001821239476364,11.406580404395276,89.64444798216937,1.72374414518651
36,326170150.0,9.86820030212402,8414.0,2.07999992370605,1.58540999889374,1600.8855508696772,1.626468105454741,0.1,0.0015375545223929,51.4097597175498,713.9178558594367,1.5272989531554746
37,83336505.0,8.92401027679443,8172.0,1.99699997901917,2.06174993515015,1605.687395260239,7.545556754472673,0.2,0.0002191460427148,11.607003583236578,101.22031989442848,1.246579056452139
38,315350812.0,9.84589958190918,7824.0,1.86000001430511,1.62589001655579,1603.545294193027,5.942240841429717,0.1,0.0009768475909502,26.323355226606616,96.25676218139552,0.5394796300872394
39,341865564.0,8.95600032806396,7701.0,1.80999994277954,2.26445007324219,1601.454996438962,2.2753366963146004,0.15,0.0002212447331309,33.978539722991755,134.437339061918,1.1854110075727993
40,288598068.0,9.12469959259033,7846.0,1.87000000476837,2.19288992881775,1601.235736215319,3.9367670158613937,0.2,0.0007908867034464,36.44680143297057,1002.393480620995,0.5795401323673487
41,418294275.0,7.28219985961914,8500.0,2.10999989509583,2.43373990058899,1632.250904141846,8.790734473209968,0.25,8.884431994391932e-05,10.26512951408942,76.45344654435735,1.601239628080086
42,449608185.0,8.98079967498779,8739.0,2.19000005722046,2.16251993179321,1601.4903992452591,4.71473227125069,0.15,0.0004271012831147,19.634964071649517,61.870157217059614,0.7613650311691682
43,335470158.0,9.93150043487549,8168.0,2.0,2.11184000968933,1602.9014394962176,6.930513972055889,0.15,0.000622505772116,21.739544490816847,94.04790183113572,1.7572890792816849
44,228696887.0,8.8798999786377,8800.0,2.21000003814697,2.4641900062561,1579.8994527853588,9.64450016878044,0.3,0.000369010135915,13.235660952715186,79.33865073495872,1.9034199826502145
45,311588504.0,7.86840009689331,7748.0,1.83000004291534,1.72477996349335,1600.4301516049918,2.347284165062673,0.1,0.0009490930605218,27.501038623028368,116.9182421968476,0.3980123990564578
46,369433644.0,9.3878002166748,8067.0,1.96000003814697,1.89638996124268,1602.6055126174113,2.912603544091433,0.15,0.0013367751620777,52.53882161436778,3071.54480607293,1.899151633018199
47,451134562.0,9.13109970092773,8039.0,1.95000004768372,2.29285001754761,1602.20536734589,4.823622480235009,0.05,0.0005977311561616,25.47614379583808,144.70692049207742,1.7693164789297944
48,327273899.0,8.89229965209961,8236.0,2.01999998092651,2.41005992889404,1605.376534690018,7.050276021066435,0.25,0.0008500816536798,21.899549685294225,2893.603779077374,1.5048444422088232
49,134907045.0,9.50109958648682,8016.0,1.94000005722046,2.02285003662109,1572.503836735893,1.275684571078666,0.05,0.0007419219637424,34.87027398057597,876.4004150876196,0.9780595638433462
50,135179024.0,7.69199991226196,8637.0,2.16000008583069,2.44412994384766,1572.7137584582026,1.0489893411127162,0.15,0.0001056160758614,22.438298650283915,78.22156902570168,1.696504956736435
51,179473571.0,9.60990047454834,8029.0,1.94000005722046,1.96166002750397,1600.3903101364672,2.8941846566160274,0.1,0.0009248085636552,10.638280670262628,995.6831707757192,1.344528353561981
52,268660469.0,7.84749984741211,7854.0,1.87000000476837,2.06693005561829,1576.8376949622275,7.539071629435845,0.1,0.0001639241437467,10.415565067111752,80.31015790875085,1.8129763988629983
53,308766739.0,9.07120037078857,8615.0,2.15000009536743,2.26402997970581,1600.5066689110056,5.665890431915146,0.2,0.000765558739777,40.44777226465723,412.2394023255192,1.5730812607527678
54,94013493.0,8.11520004272461,8338.0,2.05999994277954,2.30318999290466,1572.7881429629026,7.122791022344418,0.25,0.0001698265879178,13.668750560408546,115.86779142046498,1.8463034074787568
55,152738973.0,8.6719799041748,8850.0,2.22699999809265,1.93971002101898,1547.4269915866491,8.795141515242133,0.2,0.0002323137259751,10.855070170632343,188.1400464366352,1.98942159959194
56,1589794.0,7.97932004928589,8228.0,2.01799988746643,1.79771995544434,1550.766980183428,9.506873538303577,0.15,0.0002581891096068,10.82588100830428,94.18002463435278,1.974878327310639
57,398764122.0,9.89859962463379,8325.0,2.04999995231628,1.71988999843597,1577.602576096262,9.249574515317448,0.2,0.0004832759229223,10.769236353083908,112.78724407001846,1.9392948868116389
58,398540624.0,9.99079990386963,7761.0,1.83000004291534,2.12220001220703,1579.2077661270755,8.577273429056662,0.15,0.0007800383297363,12.043695966304188,173.81807846105812,1.2289683597615586
59,448644231.0,9.234299659729,8068.0,1.96000003814697,2.10997009277344,1572.0740110282802,6.614346661375135,0.2,0.0001836637321353,11.131407363433365,68.47748206394658,1.9195942531275167
60,392557724.0,9.18200016021729,8946.0,2.25999999046326,2.25131988525391,1600.801111450915,5.637367097741648,0.15,0.0010361517797022,65.26249184739147,1982.622629705338,1.1917641363068745
61,188119124.0,9.07810020446777,8929.0,2.25,1.82228004932404,1549.5772739100485,7.125684072511686,0.2,0.0009184374456237,25.496468842940683,818.477737222413,1.506703501752975
62,281019037.0,9.56389999389648,8184.0,2.0,1.82074999809265,1572.1108306918663,0.9389330609148304,0.1,0.0005603080800649,53.29414828602852,594.2148468718674,1.1440724384416736
63,23355734.0,9.09689998626709,8712.0,2.1800000667572,1.76098001003265,1550.5018552644042,9.758951487767032,0.15,0.0002819135001356,13.658462978650215,67.12956819700753,0.9686969981356506
64,57688953.0,9.31779956817627,7882.0,1.87999999523163,1.88037002086639,1578.5690712885364,6.675589794256266,0.15,0.0002413538720666,12.048135143197271,83.35338307386655,1.5124423372313192
65,158548149.0,8.23750019073486,8357.0,2.05999994277954,1.74001002311707,1547.5564119569765,8.033919547525127,0.2,0.0002079844812357,11.59059272629234,156.35580708986117,1.83544918635486
66,333736725.0,8.71640014648438,8069.0,1.95700001716614,2.35796999931335,1547.4514209153374,7.3950083194675535,0.2,0.0002083408532725,10.32218184190594,99.74250182871674,1.9770278649915296
67,437231703.0,8.68994998931885,7712.0,1.81400001049042,1.93692994117737,1547.4468873609162,8.795141515242133,0.2,0.0002350893586952,12.242290391895468,113.61773907904876,1.4232019471809774
68,467891495.0,8.08609962463379,7891.0,1.88999998569489,2.35439991950989,1573.966290853453,2.543533002670737,0.15,9.49001613651648e-05,17.695136489181454,94.83721274600587,0.8748495789111751
69,147026702.0,6.12340021133423,7900.0,1.88999998569489,1.86932003498077,1546.5062451728709,2.0719169567379416,0.15,0.0001615791916325,30.53353811496549,171.12454626051365,0.6269315280054097
70,120155231.0,9.68150043487549,8257.0,2.02999997138977,1.99911999702454,1572.8026464853403,1.5236781959469756,0.05,0.0009034082618381,16.604979598452335,152.97072375675498,0.3658625957596598
71,36722395.0,8.67613983154297,8753.0,2.19700002670288,1.8469899892807,2257.7503644909734,1.904224182746414,0.1,0.0004838710281289,19.361225722562896,393.7088128939327,0.8302301368419588
72,377385711.0,9.24860000610352,8427.0,2.08999991416931,2.03120994567871,1551.0330265977586,9.381473281296907,0.15,0.0004870835551054,15.29263402368164,97.504127509098,1.2046708088279552
73,73205080.0,9.52000045776367,7511.0,1.73000001907349,2.48957991600037,1550.7464522263008,9.630382233693192,0.2,0.0003290207342537,10.182672224615937,76.4763748872258,1.5021897491580378
74,370440819.0,8.50570011138916,7698.0,1.80999994277954,1.83127999305725,1575.8352189727702,6.944230328534823,0.1,0.0001517033790406,11.755445039344067,81.33485613569997,1.5501549716272265
75,370709148.0,9.77999973297119,8527.0,2.11999988555908,2.15025997161865,1544.7624243658977,0.6155887087589915,0.1,0.000231721075296,16.831627781614234,125.36733400913432,1.2257018948930225
76,439609369.0,9.11590003967285,8982.0,2.26999998092651,1.48089003562927,1552.1834864640512,8.872238488155443,0.15,0.0001944253007488,10.363562646402572,104.09656958769824,1.946076881271509
77,447523057.0,8.44970035552979,7962.0,1.91999995708466,2.02514004707336,1545.5138426745136,2.6300922382571783,0.15,0.0001386542791412,16.323550146816935,60.67882425005814,1.1876351492680322
78,432563559.0,9.74530029296875,8591.0,2.14000010490417,1.61100995540619,1544.7686306806531,0.7619064308593475,0.05,0.0003057830956919,40.72445694260216,208.08870302702235,0.8607649185206748
79,192542930.0,8.03462982177734,7705.0,1.81099998950958,2.12261009216309,1547.382523733787,9.239831463788738,0.15,0.0001746817088391,10.762254201555775,65.0326379353528,1.446164233673841
80,220708449.0,8.40719985961914,8591.0,2.14000010490417,1.74977004528046,1546.8486621294462,2.974328315591288,0.1,0.0004427980452163,48.90090125465503,579.7904751806341,1.099371964156658
81,297732015.0,9.07400035858154,8847.0,2.23000001907349,2.48193001747131,1547.6287706148848,6.664600619814056,0.2,0.0001613130620343,11.132230858870969,54.81760571448058,1.0617721130635929
82,373424049.0,8.63329982757568,8508.0,2.11999988555908,1.82038998603821,1545.4034925841338,0.9619108357453487,0.1,0.0002717586041248,43.82477500142876,229.3373842599508,0.886587755463734
83,304029917.0,8.50380039215088,8539.0,2.13000011444092,2.07546997070313,1574.8249590885173,7.146971797767264,0.2,0.000106983270754,10.6248134978718,69.79422980576874,1.5562427309521365
84,60984804.0,7.11718988418579,7707.0,1.81200003623962,1.95983004570007,1519.4095405544358,2.387967389591224,0.1,0.0001876362971083,10.488591253142143,392.57640910576106,1.297550679583486
85,44692683.0,9.81680011749268,7650.0,1.78999996185303,1.56473004817963,1546.2414203757644,6.611023330534639,0.15,0.0008408679062792,13.234542304986055,268.7773251435119,1.6733074683311011
86,293670551.0,9.54950046539307,8780.0,2.21000003814697,2.4867000579834,2256.832479974189,0.6832973801433162,0.1,0.0005869703632254,27.934305638656863,579.3359939961988,0.7992121133157023
87,38033320.0,8.85811042785645,8752.0,2.19600009918213,2.08942008018494,1523.7469676269432,6.15560288577549,0.2,0.000327881677441,14.481053772932029,170.32927534582632,1.9034332619751335
88,386657306.0,6.71600008010864,8244.0,2.01999998092651,1.89734995365143,1546.4282179929205,6.550953828415702,0.2,9.335230252895672e-05,14.014305309421076,115.6893015993528,1.8948484915481576
89,375043797.0,9.44250011444092,7531.0,1.74000000953674,2.3011999130249,1598.9758655126202,0.6185113643321959,0.15,0.0002843630680599,22.132375694926925,60.69512433662976,0.7926965309095483
90,469255408.0,9.76700019836426,8649.0,2.16000008583069,1.70660996437073,1545.0033158236572,0.7039991777207376,0.05,0.0002769770186885,40.92053062932433,144.10212203162996,1.0951645450191818
91,391627710.0,9.94820022583008,7610.0,1.76999998092651,2.07522010803223,1518.8824790330991,0.5211505869256603,0.05,0.0002643321599465,33.07196980339572,87.91982684369577,0.6434653617833591
92,447885888.0,9.75860023498535,8773.0,2.20000004768372,1.82811999320984,1518.4976653027522,1.0508953718105007,0.1,0.0002684248381315,27.014121330095183,81.64396054662916,1.2190193962089857
93,51945029.0,8.96947002410889,8057.0,1.95299994945526,1.47309005260468,1521.911986270927,6.320450020541668,0.15,0.0002413142192441,12.028427518047494,95.29576045625458,1.643268216011061
94,296865162.0,9.60560035705566,8593.0,2.15000009536743,1.83104002475739,1545.5787340601407,6.500786603044999,0.1,0.0003863845620217,11.26728981040877,56.5782154996225,1.3764110647401626
95,309485321.0,8.671799659729,8079.0,1.96000003814697,1.83422994613647,1602.9749981734794,7.218528704766441,0.2,0.0001402114504905,15.718945799922569,159.5047278639695,1.589667989804436
96,143438876.0,8.89535999298096,7830.0,1.86199998855591,1.6834499835968,1494.2958917260955,9.59701721722106,0.2,0.0002369555493483,11.36595034761792,134.44543102714692,1.751282778506689
97,342888057.0,7.78700017929077,8460.0,2.09999990463257,1.52627003192902,1541.0818526469802,6.379440134735122,0.15,0.0001600050744636,11.022161341925868,141.4137980501182,1.4376935103460198
98,147152188.0,8.6943998336792,7961.0,1.9099999666214,1.60783994197845,1518.6161588508462,1.0804955634408508,0.1,0.0003436632387679,41.83923151920153,903.9560254224402,1.1252054436509225
99,89936838.0,9.99810028076172,8180.0,2.0,1.61723005771637,1518.7674743168568,4.211459495883258,0.15,0.0005805676549087,51.5560531787623,153.1400653938142,1.0357200908987414
100,93275805.0,8.29500007629395,8130.0,1.98000001907349,1.50679004192352,1520.6471502057218,6.384857520479636,0.15,0.0001824342865451,11.034073944161484,86.01925597437821,1.4367295644803106
101,147656922.0,9.32800006866455,8387.0,2.07999992370605,2.44068002700806,1518.586367680998,0.9941622210601456,0.05,0.0006019160987103,44.8454548642655,455.6741136652522,1.1091342077066066
102,54390047.0,9.69519996643066,8322.0,2.04999995231628,2.34985995292664,1492.6013307789297,0.9412166664784216,0.05,0.0003587152279953,25.02388689065569,123.8570654034113,1.0444283539594723
103,308448327.0,9.79119968414307,7716.0,1.82000005245209,2.33886003494263,1327.875055037348,2.3623503731369726,0.05,0.0008342831165369,63.70350297323533,1019.511649031252,1.8974059767881093
104,419318737.0,9.16450023651123,7723.0,1.82000005245209,2.08123993873596,1492.5417091991203,1.32862728841731,0.1,0.0006006233589873,34.63161000602842,821.5553407213299,1.026858768093919
105,340006157.0,8.71739959716797,8158.0,1.99000000953674,2.01588010787964,1469.8531765164578,4.878166571541468,0.2,0.0001212784012343,21.82762650826411,71.63011687484891,1.479613921283758
106,143843200.0,9.81149959564209,7946.0,1.9099999666214,2.01671004295349,1493.1766261163752,2.715865976105573,0.15,0.0006684460062063,37.56294033496769,349.1425603105829,1.3879170675621797
107,178575480.0,8.82726001739502,7718.0,1.81599998474121,1.6725800037384,1495.363413393052,4.775045363384586,0.15,0.0013451588523023,18.30411578561641,78.07625998285607,1.4799656283798155
108,355453890.0,9.24190044403076,7540.0,1.74000000953674,2.04334998130798,1492.3810029072674,0.5311969793712902,0.1,0.0002255811054933,36.610269321787136,159.09519890926913,1.3609542159387842
109,140163913.0,8.19229030609131,8407.0,2.08200001716614,1.73308002948761,1499.4125348714945,8.013125631039953,0.2,0.0001602983732509,10.173814527217624,54.883239106053225,1.273562052381079
110,177120452.0,9.91114044189453,8501.0,2.11400008201599,1.49655997753143,1492.4974989422994,2.5000375009375237,0.1,0.0016084197770044,32.64362291831834,1714.8188582713992,1.6324815817954503
111,173756330.0,8.82429981231689,8650.0,2.16000008583069,1.52096998691559,1493.5672132856596,1.7534855257089852,0.1,0.0018894270498122,48.8253781745532,7530.696362412644,1.3493435209635218
112,99417525.0,8.46887016296387,8301.0,2.04500007629395,2.45418000221252,1492.126718229544,0.649300306992255,0.05,0.0001949553261629,29.02244125288457,227.79951948974636,1.0333935433551116
113,174420083.0,8.96640014648438,8026.0,1.94000005722046,1.65714001655579,1492.4370176611592,1.4861607328629094,0.1,0.0003439903283766,10.182806051560044,51.178110639523766,1.1626548189918662
114,142527279.0,9.77688026428223,8181.0,2.0,2.00727009773254,1474.359514397758,7.828384440147489,0.15,0.0006515300785186,42.32973045659135,293.810748304903,0.8421857172301968
115,49670001.0,8.56869983673096,8635.0,2.16000008583069,2.4514799118042,1469.0988780132789,1.164529926971598,0.15,0.000265713547048,20.119682123672803,257.6254942545959,0.7819431201583182
116,456683872.0,9.87707996368408,7760.0,1.83299994468689,1.95731997489929,2230.3948887437946,0.8375525464783494,0.1,0.0002978793436255,22.05485056724916,91.5326690560148,1.115198249115903
117,238058855.0,9.58430004119873,7665.0,1.78999996185303,1.62276005744934,1354.5122184369632,2.928159808847816,0.1,0.0001382230143288,17.664497081166857,57.577125508181325,1.4994024035880784
118,238073953.0,8.48099994659424,7632.0,1.77999997138977,1.98438000679016,1468.8892469807286,0.7128767502190336,0.1,0.0004889106341126,28.04240383401261,114.63863378542784,0.8725487036099187
119,49245668.0,9.94410037994385,9022.0,2.27900004386902,1.83589005470276,1470.1341140227455,1.7161494712490606,0.1,0.0009210829295894,30.841148195498864,249.73868053628848,0.8668326437912592
120,50587552.0,8.82479953765869,8025.0,1.94000005722046,1.53015995025635,1471.6227355610545,3.8052673036747833,0.1,0.0012416959613457,22.50718025003708,97.58598351936804,0.8510614879399402
121,260505542.0,8.20699977874756,7596.0,1.76999998092651,2.34910011291504,1329.9898550648052,6.425390828305415,0.25,4.3445231622766656e-05,10.671332094254357,66.6922430948016,1.4010726697247984
122,350563225.0,9.07769966125488,7875.0,1.87999999523163,1.89964997768402,1327.9202050294095,2.0497268711631293,0.05,0.0010046253138685,12.354083256650268,180.53487421650425,0.9947124517086592
123,219155952.0,5.49420022964478,7851.0,1.87000000476837,2.34612989425659,1346.2499748001223,6.730223041822024,0.2,5.410936020504243e-05,11.68981500853098,112.52799834305527,1.576416060168211
124,374858736.0,8.56630039215088,8751.0,2.20000004768372,2.12621998786926,1343.1707281035551,8.403347927293506,0.2,0.0001182704406891,16.58164148377876,117.9725838545578,1.7739980876291204
125,261376796.0,7.77759981155396,8145.0,1.99000000953674,1.81605994701386,1329.3772596454287,9.180199946754309,0.2,0.0001016889120393,13.555392837450857,104.7046262540464,1.5262241265263885
126,238190023.0,7.32250022888184,7812.0,1.85000002384186,1.95036995410919,1340.5190287196338,6.337192722295101,0.2,5.814396675211315e-05,11.87495881527248,105.3862043933832,1.698529562383065
127,249067445.0,8.95699024200439,8897.0,2.2409999370575,1.82076001167297,1439.0407703660992,0.8313477778683033,0.1,0.0003045127586896,29.07910783853155,354.02296925697,0.638012431488535
128,237917947.0,9.71179962158203,8075.0,1.96000003814697,2.09045004844666,1326.3869146927989,6.59528300642387,0.2,0.0003394172963196,11.086333784702347,103.55609932422772,1.7083248467828964
129,431450742.0,9.7227897644043,8917.0,2.24699997901917,2.46377992630005,1768.1463573923609,7.23241601272918,0.25,0.0005248595130882,15.17138649241412,58.41240086949984,1.2720946064567302
130,470824703.0,8.31982040405273,9036.0,2.28299999237061,1.75479996204376,1767.7053538979628,1.2959768588057974,0.1,0.0002948536133909,33.55366623541117,720.0170486172851,1.412059913585357
131,269325108.0,9.48966026306152,8374.0,2.07100009918213,2.4039900302887,1769.8353054172708,7.1752279951494975,0.2,0.0002620267880267,14.352285851556356,55.4554875181791,1.1667620282504758
132,343442463.0,8.95860958099365,7976.0,1.9210000038147,1.78184998035431,1739.5304420312525,0.7838404962700577,0.1,0.0003922718471646,31.528446284645486,426.5519627512706,0.8798710521566552
133,343439239.0,8.59179019927979,8998.0,2.2720000743866,1.90820002555847,1740.385510394924,4.065082623630562,0.15,0.0001547841963878,14.17255906887502,51.77017540667373,0.679782602597239
134,468812400.0,8.18844032287598,8821.0,2.21799993515015,2.11249995231628,1741.3359221995552,2.052924934049127,0.15,0.0005293714080684,15.854888334640815,1995.441486915072,1.37494850835022
135,334613827.0,9.60394954681396,8993.0,2.26999998092651,1.98482000827789,1740.602399820741,1.1292495497072392,0.1,0.0005123456180614,46.69112680550197,460.3861739614629,1.2547513807992574
136,420126478.0,8.49855995178223,8621.0,2.15400004386902,1.88954997062683,1740.8405935419953,8.02534429071298,0.2,0.0004107036704737,17.7560587490105,160.06566290506294,1.2468934086501182
137,430536269.0,9.94118022918701,8757.0,2.19799995422363,2.30029988288879,1740.620686389988,1.6858063798294622,0.15,0.0006570130336515,22.02401463471175,450.829186198205,0.7715996248958121
138,430231738.0,9.59578037261963,8743.0,2.19300007820129,1.90990996360779,1744.8064353913796,5.758254540429109,0.15,0.0012707951369571,13.476978055795504,217.9399691636572,1.7593977070053588
139,427994565.0,6.12139987945557,8639.26953125,2.16000008583069,2.23650002479553,1739.7719018642392,1.5429301462249525,0.15,0.0001324520596604,13.924179629886702,140.0365306726767,1.0407023957655472
140,331278465.0,9.75911045074463,7802.0,1.85099995136261,1.71031999588013,1739.7875194579526,0.7539281936529166,0.1,0.0001654884122132,23.513536819775496,56.02245658950688,1.1117199833669351
141,421236698.0,9.70543956756592,7506.0,1.73000001907349,1.96552002429962,1712.1290118223476,1.1304623071835946,0.1,0.0012935832109805,17.850740500121866,907.7961743088928,0.7959203253795784
142,422515775.0,9.85350036621094,8849.0,2.23000001907349,2.25258994102478,1748.9264819748937,9.639201095024196,0.15,0.0002468413502057,10.41420337198636,54.1036851180204,1.495961491437001
143,239592686.0,9.67391967773438,8047.0,1.94900000095367,1.85936999320984,1715.4984995014795,7.0248682824025295,0.2,0.0012609955848731,10.726166249925395,52.206706816969245,1.4056394893274415
144,383850996.0,9.19122982025146,7861.0,1.87399995326996,1.6202700138092,1712.274072697515,2.301202850758599,0.1,0.0003232910635355,23.941474520811884,127.10366728292684,1.2797828435683232
145,63700569.0,9.32203960418701,7836.0,1.8639999628067,2.21179008483887,1715.647727302321,1.5825506223442558,0.15,0.0003064810809063,16.966386854708507,200.67908405809132,1.4182617699333149
146,390974108.0,7.51308012008667,8541.0,2.12800002098084,1.74117004871368,1754.3146632286391,7.182081962738986,0.2,9.843549657984876e-05,11.489486070181488,150.6915498492349,1.4842392790418266
147,367102581.0,9.39575004577637,9024.0,2.27900004386902,1.88829004764557,1780.2689215769053,2.9798855712497763,0.1,0.00049435756224,62.45358107415103,694.0415912194806,1.15481293006077
148,290222306.0,9.84743022918701,8761.0,2.19899988174438,1.55160999298096,1713.5491974653075,1.9739280969761095,0.1,0.000996057898308,33.14742081567161,128.71606097271092,1.3919881968827934
149,330084158.0,9.93465995788574,8467.0,2.1029999256134,1.50969004631042,1711.8541331773806,0.8722399870209393,0.05,0.0008451667494982,38.749722928153616,134.4261935290319,0.8984400049996009
150,210170166.0,8.99913024902344,8206.0,2.00999999046326,2.10625004768372,2797.4909193388885,0.9806948292348052,0.1,0.0006535733947045,12.963727004103136,557.1844853256976,0.7097552581931439
151,15462531.0,5.59829998016357,8851.0,2.23000001907349,2.45847010612488,1684.915103572116,9.898440979955456,0.25,0.0001640190497725,10.273815545045426,305.414669076828,1.3344333568361797
152,88091070.0,7.68434000015259,8381.0,2.07299995422363,1.99890005588531,1684.2166029429084,0.9239336313357072,0.1,0.0012208604861359,35.157484561042565,191.785844622338,0.202693011524915
153,364074479.0,8.88920974731445,8278.0,2.03600001335144,1.65761995315552,1767.1186122676477,0.8314003082863172,0.1,0.0007008374690172,75.16487558697717,2173.645979970533,0.9212833811372344
154,187942715.0,9.98686027526855,7746.0,1.82799994945526,1.5529500246048,1685.0545706610458,1.851439045388482,0.1,0.0012382256711606,30.06100118538272,81.80569518257141,0.5065887853691394
155,219599875.0,8.88105964660645,8597.0,2.14599990844727,2.05674004554749,2772.310690173281,6.698529658036641,0.1,0.0006038738270276,12.177726284847862,277.9078815299149,1.062074011338878
156,296012680.0,8.52219009399414,7881.0,1.88300001621246,1.72274994850159,1698.1242971209867,1.0869893680506717,0.1,0.0003890311046272,39.44463561149042,798.9281714573688,1.0699833938045782
157,13116674.0,9.92403030395508,8086.0,1.96399998664856,1.74633002281189,1685.0552300443971,1.8000226805125796,0.1,0.001039590148305,25.24949360299261,144.96749163984214,1.9146314644311404
158,202678853.0,9.58014965057373,8332.0,2.05599999427795,1.69667994976044,1683.9901703161534,0.9404262242355904,0.1,0.0016394705423905,14.052034137885014,86.70600453878717,1.280123587080008
159,117496264.0,8.50195980072021,7705.0,1.81099998950958,1.7644499540329,1793.0812797268727,1.2119401537967436,0.05,0.0002259973895523,10.39606139392182,109.7031243898682,1.008352031857335
160,172060088.0,9.20186996459961,8394.0,2.07800006866455,1.78099000453949,1688.340573083066,7.475890013606256,0.15,0.0003013306397929,10.862397552546978,92.54791730351644,1.1349708114204295
161,185340863.0,8.81686019897461,8771.0,2.20199990272522,2.24720001220703,1684.8948332845505,1.9538496106915724,0.1,0.00032374930949,26.52829508230384,362.81113432885945,1.088404354872873
162,278262895.0,9.9124698638916,8198.0,2.00699996948242,1.87527000904083,1684.311519997776,0.968834228868061,0.05,0.0004060800316429,26.765882450691286,113.88603935253104,0.8927140622719497
163,185453858.0,9.65235042572021,7522.0,1.73699998855591,1.59131002426147,1685.2755156236103,4.211796517651816,0.15,0.0015688970132014,33.65858739418427,116.20891652212742,0.6798336298545494
164,326849316.0,9.59710025787354,8938.0,2.25,1.73977994918823,2771.0923617994054,0.937127488098362,0.1,0.0011299423390763,10.138949261504152,102.2632427548108,0.9311957004074924
165,267489265.0,9.22929954528809,7880.0,1.88199996948242,1.86011004447937,1683.65995648404,1.5503384422663695,0.1,0.0003871477687377,29.11457913906765,280.807078136138,1.829880995370213
166,390977166.0,7.89731979370117,8833.0,2.22199988365173,1.85002994537354,1684.9453191025066,1.0289328521995205,0.1,0.0001106259183584,20.540338888792327,93.5873891718943,0.9280009519109648
167,158211785.0,9.44369983673096,8259.3798828125,2.02999997138977,1.95013999938965,1684.871565218695,1.6026456739352717,0.1,0.0002079065481066,24.323835485594717,141.74823943325327,0.9551889896195536
168,243281362.0,9.41219997406006,7778.0,1.8400000333786,1.84510004520416,1697.6621221373716,2.1779773793007315,0.05,0.0007022577769289,12.570400067191716,98.00900314375576,0.5407794770295303
169,120689840.0,9.16930961608887,7792.0,1.84599995613098,1.62440001964569,1685.511475626244,7.404371584699454,0.15,0.0010434314475759,89.7271962636568,2282.429013997952,1.113036434920781
170,350067271.0,9.85089015960693,8616.0,2.15300011634827,1.65813994407654,2393.566141667997,5.210941001135996,0.15,0.0006260631349875,11.362001375674666,52.7310159128275,0.8161658469991073
171,235679672.0,7.41207981109619,7527.0,1.7389999628067,1.55757999420166,1684.2171094266184,1.3566765433706696,0.1,7.554956257773915e-05,14.999728442547925,66.91735316115592,0.4407627147965298
172,115472755.0,9.30587005615234,7873.0,1.87899994850159,1.89837002754211,1774.4964382044295,7.915509011897129,0.15,0.0010072841363637,14.302692158046703,69.0785198185888,1.8139077723833643
173,353542443.0,8.67811012268066,7880.0,1.88199996948242,1.84714996814728,2744.6443386162373,6.4632656622651385,0.15,0.0014114200401231,10.262596369705976,80.59759820700049,1.34791493496089
174,329933455.0,9.70615005493164,7640.0,1.7849999666214,2.4292299747467,2019.6075856276009,1.4989859258804008,0.15,0.0003453973523496,22.08316047725467,91.26962413073352,1.655356835478099
175,21828694.0,8.60459995269775,8313.0,2.04999995231628,2.07125997543335,1995.9399371014847,6.513659280103177,0.2,0.0011290803458624,21.095248912801157,121.1203664885561,0.8660358242568116
176,154067210.0,8.33926963806152,8669.0,2.17000007629395,1.90696001052856,1687.6100208979813,8.36727692616641,0.15,0.0001085285595478,11.882347629532116,57.655669704787215,1.404140027144126
177,257046629.0,7.47790002822876,8485.0,2.10899996757507,1.71470999717712,1685.479407385743,7.374285608937723,0.15,7.298340222622325e-05,13.222788366354964,96.52209277116526,1.224759640515872
178,353971167.0,5.88689994812012,7922.490234375,1.89999997615814,2.30620002746582,1908.830795546959,8.6236514630171,0.2,0.0003910085892815,12.187960015456822,65.09331041642372,1.4863328261705369
179,67391773.0,8.12209987640381,8619.0,2.15000009536743,1.82826995849609,1876.27410368937,7.456824554077432,0.2,0.0006058107074505,10.930970114355752,134.35235206652214,1.5638689258832632
180,160393513.0,9.16399955749512,7867.0,1.87999999523163,1.82818996906281,1684.7793999004437,0.9506864500157342,0.05,0.0002633555147083,46.62641111596691,375.1376911499958,1.5858411784918718
181,417829082.0,7.27816009521484,8608.0,2.15000009536743,2.26929998397827,1848.6662628017425,8.35664861612515,0.25,0.0001432272091982,11.098748619372223,113.87682704810754,1.4941097114380144
182,417829085.0,7.62039995193481,8194.0,2.00500011444092,2.07024002075195,1848.6462623629293,7.549886373073816,0.2,0.0002179375100788,11.602227602380877,82.1925067637344,1.5717815223626748
183,235344374.0,8.52754974365234,8804.0,2.21300005912781,2.40400004386902,1470.0971195980735,2.8623892602080976,0.1,0.0001914812155865,22.40855865289956,92.64467614976184,1.2590623444380755
184,468983464.0,8.79450988769531,7712.0,1.81400001049042,2.20911002159119,1492.2579362756403,0.647813800904098,0.05,0.0009003161221458,38.09403004774256,990.9781035678824,0.6666586738682752
185,117160089.0,8.55926990509033,7520.0,1.73599994182587,1.82323002815247,1872.1306095724576,0.8301806906342228,0.05,0.0001473259005875,14.32726173300762,127.79141490247956,1.0172078379200586
186,453194892.0,9.98589992523193,8817.0,2.22000002861023,2.42219996452332,1493.183124470284,1.9978303345600137,0.05,0.0005647173543634,22.216700727185792,85.6652861077946,0.9537596310175024
187,16600483.0,8.91454982757568,8716.0,2.18499994277954,2.00091004371643,1851.574642931627,6.867214218022497,0.2,0.0002554260192906,12.959153138360728,55.915111271721344,1.6369848326226484
188,80883443.0,7.43120002746582,8398.0,2.0789999961853,2.00559997558594,1848.572069953965,8.288217352385372,0.2,0.0001344952075843,11.440416438204084,53.37156809040562,1.4176456370820991
189,73299751.0,9.32649993896484,8099.41015625,1.97000002861023,2.23027992248535,1497.7269596628023,9.737285412426848,0.15,0.000432545638083,11.759835731530217,80.8583074527628,1.351734145188373
190,318693043.0,9.57059955596924,8082.0,1.96000003814697,1.59103000164032,1493.6688142949988,2.194230870503976,0.1,0.0007350584882814,12.037359970809396,193.54859409551432,0.7359344295798752
191,291499489.0,9.90491962432861,8164.0,1.99399995803833,1.62134003639221,2202.7574867476883,0.9651742349952512,0.05,0.0008228738403548,14.396290573307818,210.7206887551439,1.0945068926155892
192,386588115.0,8.96257019042969,7739.0,1.82500004768372,1.66068994998932,2204.087596209239,2.2794756241836547,0.1,0.0001875203242163,13.98744499892326,109.5656288896114,0.8710927344139147
193,386527071.0,9.29660034179688,7600.0,1.76999998092651,1.72601997852325,2203.427617139745,1.399348736585359,0.1,0.000528247615208,28.172858757569298,558.8271558294227,0.5594207135576384
194,191812422.0,7.67959022521973,7538.0,1.74300003051758,2.05006003379822,1848.6578557686,8.420826596604687,0.25,0.0002421510496952,12.217015772712866,73.94109625059536,1.959514731046727
195,457094212.0,7.2211799621582,8764.0,2.20000004768372,2.11216998100281,2202.432655330532,0.9554151081301864,0.1,8.844578508290252e-05,10.777527440472564,67.8076989594856,0.8934585565507664
196,159498300.0,9.11060047149658,8384.0,2.0699999332428,1.84423995018005,1848.597509345317,9.956489704886694,0.15,0.000683555477841,15.170922956678234,81.68270878307885,0.830817628610045
197,67294909.0,9.81783962249756,8772.0,2.20300006866455,2.49247002601624,1819.3702866841684,1.7907745535554394,0.15,0.0002616431626466,17.122271531151334,63.15610058647383,0.901222948021194
198,138167103.0,9.71399974822998,7841.0,1.87000000476837,1.94354999065399,1817.725090906997,1.9169161877523169,0.1,0.0008345971389131,63.4814012505278,1605.5867839268524,1.4961816875418508
199,189957931.0,9.8794002532959,7626.64990234375,1.77999997138977,1.94288003444672,1844.112757114412,1.0768258302948597,0.1,0.0006396669974987,20.24246398547789,177.04009389302814,0.9128303763415055
200,310785538.0,9.82826042175293,8361.0,2.06599998474121,1.65411996841431,1818.3782469043329,0.831689344289564,0.05,0.0003459071907776,25.730400274158963,65.14783343807471,1.2218080792829062
201,238459076.0,9.87119960784912,8125.7001953125,1.98000001907349,2.24598002433777,2475.204443861184,0.8343790989283129,0.05,0.0006129203849807,24.380279755565613,207.39020927507025,1.10141143020092
202,461697646.0,9.19756984710693,9041.0,2.28500008583069,1.7945499420166,1468.762304753642,0.523353030793877,0.1,0.0007497965783349,20.05864460489962,563.3542197317568,0.5212867943516276
203,81817111.0,9.53359985351563,7859.0,1.87399995326996,2.42472004890442,2475.686649129248,3.770644485000226,0.1,0.0005671268187765,17.892453119702584,263.1410403921564,0.7221474861564354
204,269748569.0,9.11009979248047,8892.0,2.24000000953674,1.99094998836517,2475.614417581627,1.586749241922969,0.1,0.0002344826731076,18.06308149917324,141.55081800899234,1.181020349308067
205,414897731.0,9.11151027679443,8528.0,2.12400007247925,2.07398009300232,1818.1053420566143,0.6835991307266527,0.1,0.0006246447188171,20.5723612768588,112.153540711186,0.7126129742317009
206,464804110.0,7.36658000946045,7985.0,1.92400002479553,2.48218989372253,1441.351145433773,6.962603482729089,0.15,0.0001445172755337,10.787744098067584,62.178833065288586,1.1763275649051603
207,385041086.0,8.27464008331299,8729.0,2.18899989128113,1.87554001808167,1792.6606045114484,0.8958765971399749,0.1,0.0009305940339733,18.632285412121767,450.66580792085847,0.8378070759843709
208,177998439.0,9.84099006652832,7770.0,1.83700001239777,1.91910004615784,1794.8860974627455,7.151827667837194,0.15,0.0006134732437993,10.990944400455565,52.328113378710896,1.8562083784041623
209,252850925.0,8.07479953765869,8833.0,2.22199988365173,1.74068999290466,1798.925524247824,6.988489842128436,0.15,0.000231459111522,11.756050549640484,60.56899795147751,1.4393783251371297
210,280567859.0,9.85315990447998,7510.0,1.73199999332428,1.54198002815247,1801.315166598141,9.06946371724757,0.15,0.0005057424275109,10.342026383218553,99.52195521963426,1.7371621904708072
211,85523680.0,9.52530002593994,8337.0,2.05999994277954,1.92175996303558,1794.7812242938492,7.152799633772997,0.15,0.0006160176572221,10.307114143993545,60.84333575680466,1.9038334182248784
212,470933866.0,8.4900598526001,8080.91015625,1.96200001239777,1.59286999702454,1794.8661339417151,7.1987819539129365,0.15,0.0003552146226199,12.871742577504602,79.25372556245634,1.982304102350595
213,83613310.0,9.51749992370605,8375.0,2.07100009918213,1.54186999797821,1766.937404507038,1.6422516151706157,0.1,0.0021667568799543,12.293031168789812,333.7620375732024,0.8019548395499307
214,428121854.0,8.64194965362549,8737.0,2.19199991226196,2.18076992034912,1794.6664120352957,7.247354689085374,0.15,0.0004360341702091,10.502845956115848,110.85126688339506,1.8082506526377644
215,264805320.0,9.72749996185303,8501.0,2.10999989509583,1.79024994373322,1793.7160016753496,1.5120344021507397,0.1,0.0005322089788215,12.441354744088104,178.52051295756746,1.4864663999774903
216,251171941.0,8.00045013427734,7810.0,1.85399997234344,2.26064991950989,1794.8509586018706,7.151827667837194,0.25,0.0002325478321654,11.912266120597351,75.85345955579578,1.22442305966105
217,440044679.0,7.80198001861572,8048.0,1.94900000095367,2.06733989715576,1774.4859784865437,7.915509011897129,0.2,0.0006770814203416,17.463262985025267,88.38284497827203,1.2988965666063803
218,52712633.0,8.41703033447266,8517.0,2.11999988555908,2.4609899520874,1794.0854054661863,7.552053046151057,0.2,0.0001892274511469,10.202568910228177,52.89027328874408,1.414001453439718
219,243183474.0,9.12150001525879,7524.0,1.74000000953674,2.05002999305725,1774.6297310246011,7.914318728631126,0.25,0.0007685684677439,13.81833552442824,71.38200270317975,1.572211093283246
220,54464870.0,8.29253959655762,8153.0,1.99000000953674,2.11410999298096,1792.6953656312633,3.6944169412877392,0.2,0.0002493240314533,30.88421374683368,140.89085033115953,0.6549255128996937
221,202864596.0,9.50366020202637,7782.0,1.84200000762939,1.82887005805969,1799.1115820097907,8.195295853138829,0.2,0.0003716466625567,10.008896041928573,52.9815611370168,1.2787269347575836
222,251466508.0,8.13224029541016,7583.0,1.7610000371933,2.12790989875793,1799.0910129745837,7.265362763190398,0.25,0.0002143589642833,13.955374076968516,87.38403388584538,1.7616504033799234
223,196748157.0,8.93636989593506,7808.0,1.85300004482269,2.22688007354736,1768.0602433619142,7.18600439787867,0.25,0.0005248176155968,18.35765643071665,73.75406104892272,1.3844837037972275
224,196748154.0,9.13339042663574,8269.0,2.03299999237061,1.88002002239227,1768.085243395588,7.18600439787867,0.2,0.0006792089493963,16.09821455358936,61.1541059304559,1.8538146236042752
225,348527821.0,9.81690979003906,8898.0,2.24200010299683,1.94228005409241,1794.9110102143889,7.105481934131523,0.15,0.0005536238357649,12.646963048286,51.08247579071667,1.1555480293830411
226,44558568.0,8.96424961090088,7585.0,1.76199996471405,1.97177994251251,1768.0144087672898,7.23341000824617,0.2,0.0004032521938562,14.43955515841806,67.72392523465487,1.542319788805587
227,184684986.0,9.15843963623047,8024.0,1.94000005722046,1.62651002407074,1795.2861128119414,6.923220714483523,0.15,0.0003426663224125,10.247442814930803,70.30134642085113,1.4414625457261687
228,307040154.0,9.588210105896,7772.0,1.83800005912781,1.83880996704102,1793.2767932046247,3.3662103161912973,0.1,0.0011335698801264,24.077733071151258,793.818152340494,1.175714481991842
229,348140245.0,7.27665996551514,7714.0,1.81500005722046,1.77390003204346,1794.8708988811609,7.151827667837194,0.15,0.0003052248026569,14.499156319399267,66.58426673801728,1.414781445246908
230,191078049.0,9.29843997955322,8600.0,2.1470000743866,1.75829005241394,1774.6253307801148,7.914318728631126,0.2,0.0007700404202037,14.766044724484164,76.28185604825046,0.8539402779666199
231,67421369.0,9.16170024871826,8117.77978515625,1.97599995136261,1.636549949646,1792.6867940641068,8.306530659711262,0.2,0.0002671560488134,10.431966085789522,56.569510789867536,1.1172076120947738
232,445494173.0,8.41734027862549,8881.0,2.23600006103516,2.1957700252533,1798.5810136498264,7.22150006499415,0.2,0.0003989970299852,10.552709117657692,146.14070231488813,1.4792492860682986
233,347490756.0,9.86464977264404,8737.0,2.19199991226196,2.06514000892639,1792.9357818947913,0.9495886815494023,0.1,0.0006937592351937,22.49979837741772,139.95237863949046,0.7863242947686212
234,292318065.0,9.02359962463379,8457.0,2.09999990463257,1.8539799451828,1795.2658780961715,7.011765860772985,0.2,0.0003193523778795,10.515843393613237,76.60036591114999,1.5477031016668903
235,327337584.0,9.31941986083984,8667.0,2.16899991035461,1.99772000312805,1792.657367709896,2.1587705247160107,0.1,0.0003083247667249,27.99682841281353,99.10318370599089,1.0388690291380698
236,331740746.0,6.76900005340576,8224.0,2.01999998092651,1.79546999931335,1768.0574226227498,7.18600439787867,0.05,0.0002993299766941,11.064109560645852,71.36028257697058,1.8045845859079823
237,437754891.0,8.52655982971191,7684.0,1.80200004577637,2.03944993019104,1774.6353234080302,7.914318728631126,0.25,0.0005507786753789,13.533714312282004,53.20067242299206,1.1030070283960631
238,273268991.0,9.6318998336792,9239.0,2.33999991416931,2.24996995925903,2036.910132178632,0.5709155578899893,0.05,0.0004602920701863,46.3369777183755,308.81394285225383,0.892081487090175
239,273322273.0,6.8737998008728,9264.0,2.34999990463257,2.23035001754761,2040.7701352651209,6.948814520388026,0.2,9.579615552772923e-05,12.228505548796395,53.47136873131967,1.6360982328754092
240,1503583.0,8.07386016845703,9428.0,2.3970000743866,2.4193799495697,1520.6869283842054,6.325767639579459,0.25,0.0001811487931115,14.133207543984597,159.19987087237473,1.9369959849826348
241,381776783.0,8.28975963592529,9281.0,2.35500001907349,1.89294004440308,1798.4961283160403,7.222491062077932,0.2,0.0003104593189389,12.857104296258154,78.94287170506004,1.616927058967315
242,364214419.0,8.81970024108887,9605.0,2.45000004768372,2.15067005157471,1629.5780897334532,7.0248682824025295,0.15,0.000259563969992,10.859368761523728,63.07607632169811,1.8886889580415789
243,455370344.0,9.47130012512207,9517.0,2.42000007629395,2.04550004005432,1627.108375807758,2.672833846968041,0.15,0.0005090187725061,38.30407665839178,409.1326778988098,1.8129700899334933
244,242238486.0,7.24280023574829,9922.0,2.53999996185303,1.88945996761322,2336.3214478141986,0.8751697846360658,0.05,0.0003295427293935,17.754274314881165,324.12404012743264,1.2083199629586123
245,359308549.0,7.55870008468628,9709.0,2.48000001907349,1.65257000923157,1599.2985529154107,1.2217304029429337,0.1,0.0002215729259074,29.72764807496328,342.0215977319831,0.8032751136995047
246,260851474.0,6.70270013809204,9876.0,2.51999998092651,2.03213000297546,1603.5488796579798,5.803334629424362,0.15,0.0001085269276154,10.638909417961909,92.22134528973834,1.6468685503970957
247,438695853.0,7.38219976425171,9861.0,2.51999998092651,1.69902002811432,1604.6335657369948,7.106441342846584,0.15,0.0001296819361631,11.297506385445734,96.5035105694776,1.639853231140857
248,135095841.0,8.17160034179688,9127.0,2.30999994277954,1.85267996788025,1578.2290901431209,7.200751766002031,0.15,0.0002154445835324,13.933463694418185,98.34108319351412,1.9645062994538132
249,9259773.0,8.92346954345703,9429.0,2.3970000743866,2.22827005386353,1572.1445915998745,7.601134100548808,0.2,0.0002143213977784,10.142049464134876,83.40085127236307,1.532650245807096
250,461125245.0,7.56330013275146,9984.0,2.55999994277954,1.71268999576569,1573.325855258807,6.495972456801352,0.15,0.0001199946267467,16.17913089860217,65.6995659273216,1.5964985766528357
251,146609580.0,7.9798002243042,9238.0,2.33999991416931,1.84502995014191,1547.43122569499,8.542469310872109,0.2,0.0001598275483245,11.798477990468209,114.58205612614074,1.847781586837042
252,390440616.0,7.57539987564087,9930.0,2.53999996185303,1.65741002559662,1575.135895887078,6.487964705119055,0.15,0.0001339948203631,10.600014422849451,83.17461071728121,1.3895278681638144
253,437238231.0,8.44526958465576,9110.0,2.3050000667572,1.88074994087219,1550.4616966944002,9.758951487767032,0.2,0.0002996981253604,10.741739540412055,169.50140080697156,1.774422034474609
254,73077367.0,9.49769973754883,9158.0,2.3199999332428,1.94909000396729,1546.1865816312984,6.553400921417383,0.2,0.0002494148324884,10.281233882524866,80.30848708803671,1.5003831602319555
255,72741753.0,9.21080017089844,9458.0,2.41000008583069,1.85767996311188,2286.7413334396365,6.385632183908045,0.15,0.0002432155512995,13.17676968124386,67.69552194884432,1.369732024630807
256,35757914.0,8.87129974365234,9240.0,2.33999991416931,2.21960997581482,1546.241121774465,6.611023330534639,0.15,0.0001935915884067,12.13576111125763,80.90590268914025,1.9560565202897948
257,33159940.0,9.53180027008057,10000.0,2.55999994277954,1.75113999843597,1545.161066412968,2.8458285428073813,0.1,0.0002599852917397,36.24800278675275,147.76956845330915,1.1388881559874815
258,323814524.0,7.81150007247925,9914.0,2.53999996185303,2.01654005050659,1603.870027989476,6.943314215883685,0.2,9.178061562765158e-05,17.910534154818894,137.25024568712865,1.726235014825918
259,308083544.0,9.31509971618652,9843.0,2.51999998092651,2.02266001701355,1356.46424249845,2.136511639831812,0.1,0.0002289993767433,66.40665055973093,194.0649403728141,1.0769037509122632
260,308307401.0,9.82059955596924,9617.0,2.45000004768372,1.7676500082016,1332.220034576941,7.858776376281975,0.15,0.0002814501377621,12.369967540537155,78.81544991894225,1.719629132193942
261,238597883.0,9.13549995422363,9219.0,2.33999991416931,2.15039992332459,1493.5210536899465,3.5730262405671165,0.1,0.0004834837545029,55.0770672909325,405.2818553729753,1.319468439202912
262,238645122.0,9.24209976196289,9934.0,2.53999996185303,2.02211999893188,1492.9860241120807,0.9112954376448976,0.1,0.0003573113175947,53.39084884358213,118.45047265958964,0.8055208006303782
263,89617003.0,7.65590000152588,9836.0,2.50999999046326,1.54814004898071,1539.8921003510277,7.4326041875710755,0.15,0.0001616605891635,15.9827862835958,177.1285296462754,1.7059329050355792
264,268914142.0,9.63099956512451,9865.0,2.51999998092651,1.8999799489975,1492.486140038856,8.918846603223303,0.15,0.0003638985576198,10.516393372533951,110.49529112510822,1.400937284084754
265,144085672.0,8.66779041290283,9513.0,2.4210000038147,2.35813999176025,1523.4520885922177,5.8804953778844125,0.2,0.0002075659050721,11.980236125189505,100.87912840146988,1.2561263000907452
266,364398081.0,9.53859996795654,9856.0,2.51999998092651,2.11646008491516,1342.9556330015746,2.409062985581614,0.05,0.0003768242333264,29.512887133073065,284.640882044587,0.9852434665524568
267,112321756.0,9.41030025482178,9428.0,2.40000009536743,2.13459992408752,1495.0017622795742,8.083274729005504,0.2,0.000324025876242,10.556278502847972,57.93081448564567,1.0564981244396447
268,130338349.0,9.90779972076416,9268.0,2.34999990463257,2.18005990982056,1471.2943707053378,8.126960648863026,0.2,0.00040909774249,21.59915510119179,127.03228232951552,1.1819779355853834
269,372908153.0,7.88009977340698,9137.0,2.30999994277954,1.86879003047943,1341.7665334956405,8.324925074925074,0.2,8.940143949376265e-05,14.319695974364269,204.1395574288731,1.4958589119657817
270,443372514.0,9.44141006469727,9547.0,2.4300000667572,2.27057003974915,1469.3848805993402,0.5971768777966819,0.1,0.001026693778875,16.589662253205155,151.3353899391327,1.3177752742103606
271,443385985.0,9.55521011352539,9736.0,2.48399996757507,2.25806999206543,1475.2333302084442,8.058521568848667,0.2,0.0004661989655061,21.22468478760675,104.2441143603246,1.0864428859870083
272,55401489.0,8.37919998168945,9260.0,2.34999990463257,1.91182994842529,1342.0864517522327,6.719911296283851,0.15,0.0001250847604926,13.83143065900492,98.19996459620415,1.24840068106089
273,326242263.0,7.10496997833252,9380.0,2.38299989700317,1.59733998775482,1412.6957517079777,8.85283780553662,0.15,0.0003432726286743,11.910697030435816,147.1326434495552,1.9347352963498687
274,352027833.0,7.48355007171631,9319.0,2.36500000953674,1.92317998409271,1774.5173684633935,7.915509011897129,0.15,0.0004634039603975,13.39330148675086,62.69943750763218,1.1180281027799135
275,426111489.0,8.72002983093262,9378.0,2.38199996948242,2.24946999549866,1767.1842004164926,0.8666100475773675,0.1,0.0006287619964522,48.52414419724822,3179.064676264405,1.1338815918102203
276,366870097.0,9.98256969451904,9193.0,2.3289999961853,2.05626010894775,1779.9995124956536,2.9946365523003533,0.15,0.0004120600662326,18.319294260662232,244.520490956073,0.979738135444041
277,323299601.0,9.52725028991699,9238.0,2.34200000762939,1.52597999572754,1740.1966977337663,0.9575357379849608,0.05,0.0001980498468348,28.014152739797904,62.08835854671133,1.0411835789719803
278,264405661.0,9.26399993896484,9242.0,2.33999991416931,1.84284996986389,1769.6588296382256,8.858798203417757,0.2,0.0001325825699862,10.490749433799984,62.70950169999992,1.189402175846359
279,430108490.0,8.62833976745605,9269.0,2.3510000705719,2.11624002456665,1714.5987136536885,9.368114367083864,0.2,0.0011272282797779,15.474630421995892,115.735012149084,1.9172012368215323
280,126449150.0,8.14951992034912,9352.0,2.375,1.69063997268677,1711.69361789567,1.5135563025871477,0.1,0.0017384055791914,52.95663459468403,1769.566930049148,1.2209389480788608
281,365683032.0,8.78822040557861,9224.0,2.33800005912781,1.64859998226166,1716.3229149586791,1.4287898314868424,0.1,0.0015465087095783,27.39932872366756,145.66565331657102,1.0097132301845195
282,98577715.0,9.26642036437988,9445.0,2.40100002288818,2.2028501033783,1684.896548264637,1.276767702561222,0.1,0.0001503502607152,17.81887255610665,66.40541019222405,1.2331814161259484
283,168906586.0,9.73101997375488,9102.0,2.30299997329712,2.04209995269775,1691.990733247857,9.920830977112416,0.15,0.0003341886530414,14.130769127287186,51.82871907319191,0.8757724791901059
284,69259883.0,9.65079975128174,9248.0,2.34999990463257,2.20261001586914,1684.642428404935,0.8209734543788698,0.1,0.0003178611795087,25.126023409892863,169.1451292257401,1.1822575096812618
285,258558086.0,8.49001026153564,9430.0,2.3970000743866,1.70691001415253,2021.3324653454056,7.659765149252015,0.15,0.0004844740978554,13.955542678571938,110.89734240244228,1.788177847930628
286,137778067.0,9.9694995880127,9263.0,2.34999990463257,2.10398006439209,1686.5360409369769,8.969002816295047,0.2,0.0003478202991067,12.721082888910598,74.3670948929655,1.903882632071904
287,202442982.0,7.88539981842041,9277.0,2.34999990463257,1.9368200302124,1698.5230656277142,2.7389032226257584,0.1,0.0008100418808399,68.99777255278573,6515.2915073416025,1.1113948239624682
288,285002773.0,7.44954013824463,9484.0,2.41300010681152,1.73567998409271,1876.5055924558867,8.009467285003725,0.15,0.00028952320637,13.625236977370392,83.14347572581255,1.6531251618675389
289,452983279.0,9.92730045318604,9575.0,2.44000005722046,2.48877000808716,1492.6269351186334,1.3627536620963996,0.15,0.0003859816394596,18.57471300395067,57.28297486595011,1.0536332787481593
290,247904876.0,9.59479999542236,9880.0,2.52999997138977,2.46075010299683,1469.422498511805,0.8446225301934459,0.1,0.0002119541869255,32.20722883276063,119.01121569483551,1.191253850142492
291,450050496.0,6.78562021255493,9651.0,2.46000003814697,1.90137994289398,1444.8312191353482,9.593518554050425,0.2,0.0001947200090164,12.854269304220391,106.883354147516,1.799066782541806
292,82393678.0,8.64179992675781,9613.0,2.45000004768372,2.45112991333008,1792.3467254518516,0.672600406792794,0.1,0.0004899612137809,15.96635767068712,237.8780697859249,1.262182719420375
293,240741578.0,9.0334997177124,9522.0,2.42000007629395,2.41018009185791,1767.915060506074,1.439143068082222,0.15,0.0001827851303036,19.819921103074744,136.78025059290667,1.134422524203037
294,242604239.0,8.73560047149658,9238.0,2.33999991416931,2.40278005599976,1774.505471451969,7.915509011897129,0.15,0.0008600650342241,12.15511015050913,58.34981206508087,1.176160836990526
295,250657037.0,8.12738037109375,9240.0,2.34299993515015,1.75768005847931,1794.886196936641,7.151827667837194,0.15,0.0003115908368,15.7176140166328,64.87786238566218,1.3738518979530552
296,354253270.0,9.81389999389648,9268.0,2.34999990463257,2.18791007995605,1792.8011774519712,2.6645793919369027,0.15,0.0007204081214535,24.604839737493485,327.71140130201275,1.2477673065496833
297,249829768.0,9.80029964447021,9463.0,2.41000008583069,2.28273010253906,1792.3611806647946,1.5018518017896247,0.15,0.0007819456308889,21.11018870450884,354.61699903498425,1.3450280976263276
298,241112201.0,9.43467998504639,9309.0,2.36299991607666,1.86386001110077,1798.1661957561264,5.942911818192624,0.1,0.0005858658052492,20.86953882158947,85.94204875799642,0.8681246741777044
299,77258978.0,8.23328018188477,9245.0,2.34400010108948,1.97174000740051,1799.0462674902406,7.218528704766441,0.2,0.000341117618805,16.020592526663542,100.61688038115562,1.6234371003935486
